source,author,title,description,content,url,publishedAt,raw_text,cleaned_text,word_count,sentiment
Onefootball.com,,Juve  AC Milan: our combined legends XI,"An XI more than legendary.This evening, at 8:45 PM, Italian football dons its finest attire.Juventus hosts AC Milan in an eternal classic of Serie A, a match that, beyond the three points, evokes deca...","An XI more than legendary.
This browser is not supported, please use a different one or install the app
This evening, at 8:45 PM, Italian football dons its finest attire.
Juventus hosts AC Milan i… [+705 chars]",https://onefootball.com/en/news/juve-ac-milan-our-combined-legends-xi-41764888,2025-10-05T14:11:00Z,"Juve  AC Milan: our combined legends XI An XI more than legendary.This evening, at 8:45 PM, Italian football dons its finest attire.Juventus hosts AC Milan in an eternal classic of Serie A, a match that, beyond the three points, evokes deca... An XI more than legendary.
This browser is not supported, please use a different one or install the app
This evening, at 8:45 PM, Italian football dons its finest attire.
Juventus hosts AC Milan i… [+705 chars]",juve ac milan combined legends xi xi legendary evening pm italian football dons finest attire juventus hosts ac milan eternal classic serie match beyond three points evokes deca xi legendary browser supported please use different one install app evening pm italian football dons finest attire juventus hosts ac milan chars,50,positive
USA Today,"Christopher Cann, USA TODAY",Border Patrol agents shoot woman accused of ramming car into ICE vehicles in Chicago,Federal agents shot a woman they say was armed and rammed her car into vehicles used by Immigration and Customs Enforcement agents in Chicago.,"Border Patrol agents in Chicago shot an armed woman after she and a group of people allegedly rammed their cars into vehicles used by U.S. Immigration and Customs Enforcement agents, as protests inte… [+3426 chars]",https://www.usatoday.com/story/news/nation/2025/10/05/chicago-shooting-protests-broadview-ice/86535431007/,2025-10-05T14:06:15Z,"Border Patrol agents shoot woman accused of ramming car into ICE vehicles in Chicago Federal agents shot a woman they say was armed and rammed her car into vehicles used by Immigration and Customs Enforcement agents in Chicago. Border Patrol agents in Chicago shot an armed woman after she and a group of people allegedly rammed their cars into vehicles used by U.S. Immigration and Customs Enforcement agents, as protests inte… [+3426 chars]",border patrol agents shoot woman accused ramming car ice vehicles chicago federal agents shot woman say armed rammed car vehicles used immigration customs enforcement agents chicago border patrol agents chicago shot armed woman group people allegedly rammed cars vehicles used u immigration customs enforcement agents protests inte chars,48,neutral
Kuriositas.com,noreply@blogger.com (Admin),S.A.M. - Short Film,"The SEO of a tech company, Andrew Roth (played here by Ryan
Siegel and reminiscent of Boy Kavalier in the recent Alien: Earth) is getting
impatient.  His aim is to replace
creatives in the TV and film industry with Simulated Acting Modules, replete
with artif…","The SEO of a tech company, Andrew Roth (played here by Ryan
Siegel and reminiscent of Boy Kavalier in the recent Alien: Earth) is getting
impatient.  His aim is to replace
creatives in the TV and … [+755 chars]",https://www.kuriositas.com/2025/10/sam-short-film.html,2025-10-05T14:04:00Z,"S.A.M. - Short Film The SEO of a tech company, Andrew Roth (played here by Ryan
Siegel and reminiscent of Boy Kavalier in the recent Alien: Earth) is getting
impatient.  His aim is to replace
creatives in the TV and film industry with Simulated Acting Modules, replete
with artif… The SEO of a tech company, Andrew Roth (played here by Ryan
Siegel and reminiscent of Boy Kavalier in the recent Alien: Earth) is getting
impatient.  His aim is to replace
creatives in the TV and … [+755 chars]",short film seo tech company andrew roth played ryan siegel reminiscent boy kavalier recent alien earth getting impatient aim replace creatives tv film industry simulated acting modules replete artif seo tech company andrew roth played ryan siegel reminiscent boy kavalier recent alien earth getting impatient aim replace creatives tv chars,50,neutral
Yahoo Entertainment,David Marino and Yvonne Yue Li,Traders Pay Steeper Price to Hedge Risk From Stocks to Gold,The narrow ranges — and rising risk premium — can be pinned on different factors depending on the market.  “Fixed-strike volatility has actually increased...,"Risk premiums have increased since early September as a function of gold breaking fresh records.
(Bloomberg) -- The risk premium for options is rising in assets from stocks to gold, even as implied … [+4188 chars]",https://finance.yahoo.com/news/traders-pay-steeper-price-hedge-140000472.html,2025-10-05T14:00:00Z,"Traders Pay Steeper Price to Hedge Risk From Stocks to Gold The narrow ranges — and rising risk premium — can be pinned on different factors depending on the market.  “Fixed-strike volatility has actually increased... Risk premiums have increased since early September as a function of gold breaking fresh records.
(Bloomberg) -- The risk premium for options is rising in assets from stocks to gold, even as implied … [+4188 chars]",traders pay steeper price hedge risk stocks gold narrow ranges rising risk premium pinned different factors depending market fixed strike volatility actually increased risk premiums increased since early september function gold breaking fresh records bloomberg risk premium options rising assets stocks gold even implied chars,45,neutral
Forbes,"John Tamny, Contributor, 
 John Tamny, Contributor
 https://www.forbes.com/sites/johntamny/",Sam Altman Vs. Economists And Their Central Bank Mysticism,The Fed is not the proverbial crossing guard on the matter of economic growth.,"TOKYO, JAPAN - FEBRUARY 3: Open AI CEO Sam Altman speaks during a talk session with SoftBank Group CEO Masayoshi Son at an event titled ""Transforming Business through AI"" in Tokyo, Japan, on February… [+3636 chars]",https://www.forbes.com/sites/johntamny/2025/10/05/sam-altman-vs-economists-and-their-central-bank-mysticism/,2025-10-05T14:00:00Z,"Sam Altman Vs. Economists And Their Central Bank Mysticism The Fed is not the proverbial crossing guard on the matter of economic growth. TOKYO, JAPAN - FEBRUARY 3: Open AI CEO Sam Altman speaks during a talk session with SoftBank Group CEO Masayoshi Son at an event titled ""Transforming Business through AI"" in Tokyo, Japan, on February… [+3636 chars]",sam altman vs economists central bank mysticism fed proverbial crossing guard matter economic growth tokyo japan february open ai ceo sam altman speaks talk session softbank group ceo masayoshi son event titled transforming business ai tokyo japan february chars,39,neutral
Al Jazeera English,Faisal Ali,Five killed across Ukraine in overnight Russian attacks,"Moscow has stepped up its attacks in recent weeks, particularly on Ukraine's energy grid and gas production sites.","Five people have been killed in Ukraine after Russia launched hundreds of drones and missiles across the country overnight, which officials said targeted civilian infrastructure.
Ukraines President … [+4878 chars]",https://www.aljazeera.com/news/2025/10/5/five-killed-across-ukraine-in-overnight-russian-attacks,2025-10-05T13:58:04Z,"Five killed across Ukraine in overnight Russian attacks Moscow has stepped up its attacks in recent weeks, particularly on Ukraine's energy grid and gas production sites. Five people have been killed in Ukraine after Russia launched hundreds of drones and missiles across the country overnight, which officials said targeted civilian infrastructure.
Ukraines President … [+4878 chars]",five killed across ukraine overnight russian attacks moscow stepped attacks recent weeks particularly ukraine energy grid gas production sites five people killed ukraine russia launched hundreds drones missiles across country overnight officials said targeted civilian infrastructure ukraines president chars,39,neutral
CBS News,David  Martin,AI in the military: Testing a new kind of air force,"Preparing for the threats of tomorrow, the U.S. Air Force is testing drones piloted by artificial intelligence alongside aircraft flown by humans – and is teaching AI how to fight, a potential revolution in warfare.","At Eglin Air Force Base in Florida, a test bed for a new kind of air force, Major Trent McMullen is a fighter pilot learning to fly alongside the XQ-58, a drone piloted by artificial intelligence. Th… [+6406 chars]",https://www.cbsnews.com/news/ai-in-the-military-testing-a-new-kind-of-air-force/,2025-10-05T13:57:44Z,"AI in the military: Testing a new kind of air force Preparing for the threats of tomorrow, the U.S. Air Force is testing drones piloted by artificial intelligence alongside aircraft flown by humans – and is teaching AI how to fight, a potential revolution in warfare. At Eglin Air Force Base in Florida, a test bed for a new kind of air force, Major Trent McMullen is a fighter pilot learning to fly alongside the XQ-58, a drone piloted by artificial intelligence. Th… [+6406 chars]",ai military testing new kind air force preparing threats tomorrow u air force testing drones piloted artificial intelligence alongside aircraft flown humans teaching ai fight potential revolution warfare eglin air force base florida test bed new kind air force major trent mcmullen fighter pilot learning fly alongside xq drone piloted artificial intelligence th chars,54,neutral
CBS Sports,Daniel Kohn,"Self-learning AI reveals NFL against the spread, over/under and money-line picks for every Week 5, 2025 game","SportsLine AI evaluated the Week 5 NFL odds and revealed its NFL predictions, NFL score predictions and NFL betting picks for every game","The Buffalo Bills can't lock up an AFC East title quite yet, but they can go a long way in taking command of it when they meet the New England Patriots on 'Sunday Night Football' to highlight Week 5 … [+3879 chars]",https://www.cbssports.com/nfl/news/nfl-spread-picks-predictions-a-i-best-bets-week-5/,2025-10-05T13:56:20Z,"Self-learning AI reveals NFL against the spread, over/under and money-line picks for every Week 5, 2025 game SportsLine AI evaluated the Week 5 NFL odds and revealed its NFL predictions, NFL score predictions and NFL betting picks for every game The Buffalo Bills can't lock up an AFC East title quite yet, but they can go a long way in taking command of it when they meet the New England Patriots on 'Sunday Night Football' to highlight Week 5 … [+3879 chars]",self learning ai reveals nfl spread money line picks every week game sportsline ai evaluated week nfl odds revealed nfl predictions nfl score predictions nfl betting picks every game buffalo bills lock afc east title quite yet go long way taking command meet new england patriots sunday night football highlight week chars,52,negative
CBS News,CBS News,AI in the military: Testing a new kind of air force,"Preparing for the threats of tomorrow, the U.S. Air Force is drawing up plans to operate drones piloted by artificial intelligence alongside aircraft flown by humans. David Martin reports on how AI is learning how to fight – a potential revolution in warfare.",Copyright ©2025 CBS Interactive Inc. All rights reserved.,https://www.cbsnews.com/video/ai-in-the-military-testing-a-new-kind-of-air-force/,2025-10-05T13:56:00Z,"AI in the military: Testing a new kind of air force Preparing for the threats of tomorrow, the U.S. Air Force is drawing up plans to operate drones piloted by artificial intelligence alongside aircraft flown by humans. David Martin reports on how AI is learning how to fight – a potential revolution in warfare. Copyright ©2025 CBS Interactive Inc. All rights reserved.",ai military testing new kind air force preparing threats tomorrow u air force drawing plans operate drones piloted artificial intelligence alongside aircraft flown humans david martin reports ai learning fight potential revolution warfare copyright cbs interactive inc rights reserved,39,neutral
Onefootball.com,,"Bologna unstoppable: Cambiaghi, Moro, Orsolini net three, Pisa see red","At the Dall'Ara Stadium, Bologna resumes its hunt for a European spot; against Pisa, led by Alberto Gilardino, still searching for their first victory.Watch the entire Serie BKT live with LaB Channel ...","At the Dall'Ara Stadium, Bologna resumes its hunt for a European spot; against Pisa, led by Alberto Gilardino, still searching for their first victory.
Watch the entire Serie BKT live with LaB Chann… [+1114 chars]",https://onefootball.com/en/news/bologna-unstoppable-cambiaghi-moro-orsolini-net-three-pisa-see-red-41764806,2025-10-05T13:52:00Z,"Bologna unstoppable: Cambiaghi, Moro, Orsolini net three, Pisa see red At the Dall'Ara Stadium, Bologna resumes its hunt for a European spot; against Pisa, led by Alberto Gilardino, still searching for their first victory.Watch the entire Serie BKT live with LaB Channel ... At the Dall'Ara Stadium, Bologna resumes its hunt for a European spot; against Pisa, led by Alberto Gilardino, still searching for their first victory.
Watch the entire Serie BKT live with LaB Chann… [+1114 chars]",bologna unstoppable cambiaghi moro orsolini net three pisa see red dall ara stadium bologna resumes hunt european spot pisa led alberto gilardino still searching first victory watch entire serie bkt live lab channel dall ara stadium bologna resumes hunt european spot pisa led alberto gilardino still searching first victory watch entire serie bkt live lab chann chars,57,neutral
Wnd.com,Joe Kovacs,"‘The rule of law vs. anarchy’: Kristi Noem says bounties of $10,000 put on heads of federal agents","'They're actually going out there and saying: Kill these people, and we'll give you this much money to do it'","U.S. Secretary of Homeland Security Kristi Noem is revealing bounties of up to $10,000 have been put on the heads of federal agents, encouraging Americans to murder officers enforcing U.S. immigratio… [+2244 chars]",https://www.wnd.com/2025/10/rule-law-vs-anarchy-kristi-noem-says-bounties/,2025-10-05T13:50:56Z,"‘The rule of law vs. anarchy’: Kristi Noem says bounties of $10,000 put on heads of federal agents 'They're actually going out there and saying: Kill these people, and we'll give you this much money to do it' U.S. Secretary of Homeland Security Kristi Noem is revealing bounties of up to $10,000 have been put on the heads of federal agents, encouraging Americans to murder officers enforcing U.S. immigratio… [+2244 chars]",rule law vs anarchy kristi noem says bounties put heads federal agents actually going saying kill people give much money u secretary homeland security kristi noem revealing bounties put heads federal agents encouraging americans murder officers enforcing u immigratio chars,40,neutral
BusinessLine,KV Kurmanath,CCI revamps cotton procurement with Kapas Kisan app and expanded centres,"Technology-driven Kapas Kisan app streamlines cotton procurement process for Indian farmers, enhancing transparency and efficiency.","Beginning this procurement season, technology will reduce the hassle for cotton farmers in the country. As many as 16 lakh farmers out of the 60 lakh cotton farmers in the country are already on the … [+2427 chars]",https://www.thehindubusinessline.com/economy/agri-business/cci-revamps-cotton-procurement-with-kapas-kisan-app-and-expanded-centres/article70128104.ece,2025-10-05T13:26:38Z,"CCI revamps cotton procurement with Kapas Kisan app and expanded centres Technology-driven Kapas Kisan app streamlines cotton procurement process for Indian farmers, enhancing transparency and efficiency. Beginning this procurement season, technology will reduce the hassle for cotton farmers in the country. As many as 16 lakh farmers out of the 60 lakh cotton farmers in the country are already on the … [+2427 chars]",cci revamps cotton procurement kapas kisan app expanded centres technology driven kapas kisan app streamlines cotton procurement process indian farmers enhancing transparency efficiency beginning procurement season technology reduce hassle cotton farmers country many lakh farmers lakh cotton farmers country already chars,41,positive
Just Arsenal News,Michelle,Mikel Arteta told he now has a player “so tough to leave on the bench”,"Martin Zubimendi was not expected to start against West Ham, but by full time it was clear Arsenal’s 2-0 win over the Hammers had his fingerprints all over it. Game changer in midfield Replacing the injured Martin Odegaard after 30 minutes, Zubimendi stepped …","Martin Zubimendi was not expected to start against West Ham, but by full time it was clear Arsenals 2-0 win over the Hammers had his fingerprints all over it.
Game changer in midfield
Replacing the… [+2147 chars]",https://www.justarsenal.com/mikel-arteta-told-he-now-has-a-player-so-tough-to-leave-on-the-bench/401421,2025-10-05T13:15:00Z,"Mikel Arteta told he now has a player “so tough to leave on the bench” Martin Zubimendi was not expected to start against West Ham, but by full time it was clear Arsenal’s 2-0 win over the Hammers had his fingerprints all over it. Game changer in midfield Replacing the injured Martin Odegaard after 30 minutes, Zubimendi stepped … Martin Zubimendi was not expected to start against West Ham, but by full time it was clear Arsenals 2-0 win over the Hammers had his fingerprints all over it.
Game changer in midfield
Replacing the… [+2147 chars]",mikel arteta told player tough leave bench martin zubimendi expected start west ham full time clear arsenal win hammers fingerprints game changer midfield replacing injured martin odegaard minutes zubimendi stepped martin zubimendi expected start west ham full time clear arsenals win hammers fingerprints game changer midfield replacing chars,48,positive
CNBC,,"Investors aren't the market's biggest loser if Trump, SEC end quarterly reporting","The SEC may end the requirement for companies to report results quarterly. The 'Big Four' accounting firms, KPMG, Deloitte, PwC and EY, have a lot to lose.","With the Securities and Exchange Commission now pursuing President Trump's request to consider a rule that ends the mandate that public companies file quarterly reports, there's a lot to gain for com… [+8809 chars]",https://www.cnbc.com/2025/10/05/trump-sec-quarterly-earnings-reports-accounting-firms.html,2025-10-05T13:06:30Z,"Investors aren't the market's biggest loser if Trump, SEC end quarterly reporting The SEC may end the requirement for companies to report results quarterly. The 'Big Four' accounting firms, KPMG, Deloitte, PwC and EY, have a lot to lose. With the Securities and Exchange Commission now pursuing President Trump's request to consider a rule that ends the mandate that public companies file quarterly reports, there's a lot to gain for com… [+8809 chars]",investors market biggest loser trump sec end quarterly reporting sec may end requirement companies report results quarterly big four accounting firms kpmg deloitte pwc ey lot lose securities exchange commission pursuing president trump request consider rule ends mandate public companies file quarterly reports lot gain com chars,47,neutral
Blogger.com,Randy Seaver,"""Sarah's Song"" -- Family History Poem, Song, Audio Overview and Video Overview Created by Artificial Intelligence",,"I've used FREE Artificial Intelligence tools to create biographies, poems, songs and podcasts about my ancestors lives, plus my genealogy research and family history in the recent past. Every ancesto… [+7724 chars]",https://www.blogger.com/comment/fullpage/post/26204193/2116385617393290260,2025-10-05T13:04:00Z,"""Sarah's Song"" -- Family History Poem, Song, Audio Overview and Video Overview Created by Artificial Intelligence  I've used FREE Artificial Intelligence tools to create biographies, poems, songs and podcasts about my ancestors lives, plus my genealogy research and family history in the recent past. Every ancesto… [+7724 chars]",sarah song family history poem song audio overview video overview created artificial intelligence used free artificial intelligence tools create biographies poems songs podcasts ancestors lives plus genealogy research family history recent past every ancesto chars,35,negative
Salon,Andrew O'Hehir,Trump’s phony war on Venezuela — and his larger war on reality,"Why is Trump attacking Venezuela? All the usual reasons: Wounded pride, limitless greed and conspiracy theories","Donald Trumps assault on the world not to mention democracy, diplomacy, basic human decency and the rule of law may look like an incoherent series of vindictive episodes aimed at flooding the zone wi… [+11988 chars]",https://www.salon.com/2025/10/05/trumps-phony-war-on-venezuela-and-his-larger-war-on-reality/,2025-10-05T13:00:39Z,"Trump’s phony war on Venezuela — and his larger war on reality Why is Trump attacking Venezuela? All the usual reasons: Wounded pride, limitless greed and conspiracy theories Donald Trumps assault on the world not to mention democracy, diplomacy, basic human decency and the rule of law may look like an incoherent series of vindictive episodes aimed at flooding the zone wi… [+11988 chars]",trump phony war venezuela larger war reality trump attacking venezuela usual reasons wounded pride limitless greed conspiracy theories donald trumps assault world mention democracy diplomacy basic human decency rule law may look like incoherent series vindictive episodes aimed flooding zone wi chars,42,neutral
Nextpit.com,Jade Bryan,Your Samsung Galaxy Could Detect Alzheimer in the Future,Samsung is quietly training your Galaxy phone and watch to detect Alzheimer's before symptoms appear. Find out what it could mean for you.,"Alzheimers is a progressive brain disorder and the leading cause of dementia. Its one of the most alarming conditions currently under study, largely because it remains incurable and irreversible. Tha… [+2193 chars]",https://www.nextpit.com/news/samsung-galaxy-feature-detect-alzheimers-dementia,2025-10-05T13:00:30Z,"Your Samsung Galaxy Could Detect Alzheimer in the Future Samsung is quietly training your Galaxy phone and watch to detect Alzheimer's before symptoms appear. Find out what it could mean for you. Alzheimers is a progressive brain disorder and the leading cause of dementia. Its one of the most alarming conditions currently under study, largely because it remains incurable and irreversible. Tha… [+2193 chars]",samsung galaxy could detect alzheimer future samsung quietly training galaxy phone watch detect alzheimer symptoms appear find could mean alzheimers progressive brain disorder leading cause dementia one alarming conditions currently study largely remains incurable irreversible tha chars,37,neutral
Gadget Flow,Lauren Wadowsky,Dyson Spot+Scrub AI Smart Robot Vacuum,"Tackle stains and daily messes with the Dyson Spot+Scrub Ai, a smart robot vacuum that fuses wet and dry cleaning with advanced AI precision. Designed for modern homes, it keeps hard floors spotless while managing its own upkeep. AI-Powered Stain..
The post D…","Dyson Spot+Scrub AI Smart Robot Vacuum
Tackle stains and daily messes with the Dyson Spot+Scrub Ai, a smart robot vacuum that fuses wet and dry cleaning with advanced AI precision. Designed for mode… [+719 chars]",https://thegadgetflow.com/?p=700559,2025-10-05T13:00:16Z,"Dyson Spot+Scrub AI Smart Robot Vacuum Tackle stains and daily messes with the Dyson Spot+Scrub Ai, a smart robot vacuum that fuses wet and dry cleaning with advanced AI precision. Designed for modern homes, it keeps hard floors spotless while managing its own upkeep. AI-Powered Stain..
The post D… Dyson Spot+Scrub AI Smart Robot Vacuum
Tackle stains and daily messes with the Dyson Spot+Scrub Ai, a smart robot vacuum that fuses wet and dry cleaning with advanced AI precision. Designed for mode… [+719 chars]",dyson spot scrub ai smart robot vacuum tackle stains daily messes dyson spot scrub ai smart robot vacuum fuses wet dry cleaning advanced ai precision designed modern homes keeps hard floors spotless managing upkeep ai powered stain post dyson spot scrub ai smart robot vacuum tackle stains daily messes dyson spot scrub ai smart robot vacuum fuses wet dry cleaning advanced ai precision designed mode chars,66,neutral
Snopes.com,Laerke Christensen,Fact Check: Rumor has it photos show 'scrappy stray' Chihuahua that joined wolf pack in Minnesota. Here's the truth,"We found the rumor was all bark, no bite.","Claim:
Images authentically showed a Chihuahua that joined a pack of wolves near Ely, Minnesota.
Rating:
In September 2025, images circulated online that claimed to authentically show a Chihuahua … [+6323 chars]",https://www.snopes.com/fact-check/minnesota-wolf-pack-chihuahua/,2025-10-05T13:00:00Z,"Fact Check: Rumor has it photos show 'scrappy stray' Chihuahua that joined wolf pack in Minnesota. Here's the truth We found the rumor was all bark, no bite. Claim:
Images authentically showed a Chihuahua that joined a pack of wolves near Ely, Minnesota.
Rating:
In September 2025, images circulated online that claimed to authentically show a Chihuahua … [+6323 chars]",fact check rumor photos show scrappy stray chihuahua joined wolf pack minnesota truth found rumor bark bite claim images authentically showed chihuahua joined pack wolves near ely minnesota rating september images circulated online claimed authentically show chihuahua chars,38,neutral
TechRadar,"tom.power@futurenet.com (Tom Power) , Tom Power",Wonder Man: everything we know so far about the final Marvel TV show of 2025 on Disney+,Wonder Man will be the final Marvel TV series of 2025 – here's what we know ahead of its Disney+ release.,"Wonder Man: key information
- Releasing on Disney+ in December- Unclear how many episodes it'll launch with- First trailer could be unveiled soon- Yahya Abdul-Mateen II plays the titular character- … [+8676 chars]",https://www.techradar.com/streaming/disney-plus/wonder-man-hub,2025-10-05T13:00:00Z,"Wonder Man: everything we know so far about the final Marvel TV show of 2025 on Disney+ Wonder Man will be the final Marvel TV series of 2025 – here's what we know ahead of its Disney+ release. Wonder Man: key information
- Releasing on Disney+ in December- Unclear how many episodes it'll launch with- First trailer could be unveiled soon- Yahya Abdul-Mateen II plays the titular character- … [+8676 chars]",wonder man everything know far final marvel tv show disney wonder man final marvel tv series know ahead disney release wonder man key information releasing disney december unclear many episodes launch first trailer could unveiled soon yahya abdul mateen ii plays titular character chars,44,positive
Snopes.com,Laerke Christensen,Do photos show 'scrappy stray' Chihuahua that joined wolf pack in Minnesota?,"Images authentically showed a Chihuahua that joined a pack of wolves near Ely, Minnesota.","Claim:
Images authentically showed a Chihuahua that joined a pack of wolves near Ely, Minnesota.
In September 2025, images circulated online that claimed to authentically show a Chihuahua near Ely,… [+4194 chars]",https://www.snopes.com//fact-check/minnesota-wolf-pack-chihuahua/,2025-10-05T13:00:00Z,"Do photos show 'scrappy stray' Chihuahua that joined wolf pack in Minnesota? Images authentically showed a Chihuahua that joined a pack of wolves near Ely, Minnesota. Claim:
Images authentically showed a Chihuahua that joined a pack of wolves near Ely, Minnesota.
In September 2025, images circulated online that claimed to authentically show a Chihuahua near Ely,… [+4194 chars]",photos show scrappy stray chihuahua joined wolf pack minnesota images authentically showed chihuahua joined pack wolves near ely minnesota claim images authentically showed chihuahua joined pack wolves near ely minnesota september images circulated online claimed authentically show chihuahua near ely chars,41,positive
Longwarjournal.org,Caleb Weiss,Shabaab claims prison assault in Mogadishu,"Shabaab, Al Qaeda’s branch for East Africa, claimed yesterday’s assault on Somalia’s Godka Jilacow prison in Mogadishu. The facility is operated by Somalia’s national intelligence service, representing a major intelligence failure. 
The post Shabaab claims pr…","Shabaab fighters march in Somalia. Image from a Shabaab propaganda video. 
Somalias capital of Mogadishu was yet again the victim of a brazen terrorist attack conducted by Shabaab, Al Qaedas branch … [+5437 chars]",https://www.longwarjournal.org/archives/2025/10/shabaab-claims-prison-assault-in-mogadishu.php,2025-10-05T12:57:22Z,"Shabaab claims prison assault in Mogadishu Shabaab, Al Qaeda’s branch for East Africa, claimed yesterday’s assault on Somalia’s Godka Jilacow prison in Mogadishu. The facility is operated by Somalia’s national intelligence service, representing a major intelligence failure. 
The post Shabaab claims pr… Shabaab fighters march in Somalia. Image from a Shabaab propaganda video. 
Somalias capital of Mogadishu was yet again the victim of a brazen terrorist attack conducted by Shabaab, Al Qaedas branch … [+5437 chars]",shabaab claims prison assault mogadishu shabaab al qaeda branch east africa claimed yesterday assault somalia godka jilacow prison mogadishu facility operated somalia national intelligence service representing major intelligence failure post shabaab claims pr shabaab fighters march somalia image shabaab propaganda video somalias capital mogadishu yet victim brazen terrorist attack conducted shabaab al qaedas branch chars,55,negative
BBC News,Wedaeli Chibelushi - and Mohamud Abdisamad -,Al-Shabab militants dress as soldiers to storm Somali jail,"An explosion and gunfire were heard coming from the jail, located near the presidential palace in Mogadishu.","Seven al-Shabab militants who attacked a high-security prison in Somalia's capital have all been killed, the country's government has said.
A huge explosion and gunfire were heard coming from Godka … [+1585 chars]",https://www.bbc.com/news/articles/cp3v0px28j8o?xtor=AL-72-%5Bpartner%5D-%5Byahoo.north.america%5D-%5Bheadline%5D-%5Bnews%5D-%5Bbizdev%5D-%5Bisapi%5D,2025-10-05T12:56:57Z,"Al-Shabab militants dress as soldiers to storm Somali jail An explosion and gunfire were heard coming from the jail, located near the presidential palace in Mogadishu. Seven al-Shabab militants who attacked a high-security prison in Somalia's capital have all been killed, the country's government has said.
A huge explosion and gunfire were heard coming from Godka … [+1585 chars]",al shabab militants dress soldiers storm somali jail explosion gunfire heard coming jail located near presidential palace mogadishu seven al shabab militants attacked high security prison somalia capital killed country government said huge explosion gunfire heard coming godka chars,39,neutral
BBC News,,Al-Shabab militants dress as soldiers to storm Somali jail,"An explosion and gunfire were heard coming from the jail, located near the presidential palace in Mogadishu.","Seven al-Shabab militants who attacked a high-security prison in Somalia's capital have all been killed, the country's government has said.
A huge explosion and gunfire were heard coming from Godka … [+1379 chars]",https://www.bbc.com/news/articles/cp3v0px28j8o,2025-10-05T12:56:53Z,"Al-Shabab militants dress as soldiers to storm Somali jail An explosion and gunfire were heard coming from the jail, located near the presidential palace in Mogadishu. Seven al-Shabab militants who attacked a high-security prison in Somalia's capital have all been killed, the country's government has said.
A huge explosion and gunfire were heard coming from Godka … [+1379 chars]",al shabab militants dress soldiers storm somali jail explosion gunfire heard coming jail located near presidential palace mogadishu seven al shabab militants attacked high security prison somalia capital killed country government said huge explosion gunfire heard coming godka chars,39,neutral
The Times of India,PTI,"Arattai hits 7.5 million downloads as Zoho-backed messaging platform trends on social media, app charts","The viral streak comes amid clarion calls by ministers, founders and CEOs to embrace the Made-in-India messaging app, the rapid daily sign-ups that followed, and widespread sharing and invitations circulating on social media platforms, including ironically, v…","Zoho-backed homegrown messaging platform Arattai has topped 7.5 million overall downloads as on Friday, marking one of the fastest adoption feat for a local app in recent times.The viral streak comes… [+4494 chars]",https://economictimes.indiatimes.com/tech/technology/arattai-hits-7-5-million-downloads-as-zoho-backed-messaging-platform-trends-on-social-media-app-charts/articleshow/124320866.cms,2025-10-05T12:56:34Z,"Arattai hits 7.5 million downloads as Zoho-backed messaging platform trends on social media, app charts The viral streak comes amid clarion calls by ministers, founders and CEOs to embrace the Made-in-India messaging app, the rapid daily sign-ups that followed, and widespread sharing and invitations circulating on social media platforms, including ironically, v… Zoho-backed homegrown messaging platform Arattai has topped 7.5 million overall downloads as on Friday, marking one of the fastest adoption feat for a local app in recent times.The viral streak comes… [+4494 chars]",arattai hits million downloads zoho backed messaging platform trends social media app charts viral streak comes amid clarion calls ministers founders ceos embrace made india messaging app rapid daily sign ups followed widespread sharing invitations circulating social media platforms including ironically v zoho backed homegrown messaging platform arattai topped million overall downloads friday marking one fastest adoption feat local app recent times viral streak comes chars,66,neutral
The Times of India,PTI,Indian market's shift towards premium devices to drive Snapdragon 8 chipsets adoption: Qualcomm,"Qualcomm Technologies Group General Manager, Mobile, Compute, & XR (MCX), Alex Katouzian said that India has become a prime market for the company as it is gaining from the government's push for manufacturing, artificial intelligence and active involvement of…",Chipset major Qualcomm expects shift of the Indian market towards the premium device segment will drive adoption of the company's latest and premium smartphone processor Snapdragon 8 Elite Gen 5 in t… [+3783 chars],https://economictimes.indiatimes.com/tech/technology/indian-markets-shift-towards-premium-devices-to-drive-snapdragon-8-chipsets-adoption-qualcomm/articleshow/124320659.cms,2025-10-05T12:40:13Z,"Indian market's shift towards premium devices to drive Snapdragon 8 chipsets adoption: Qualcomm Qualcomm Technologies Group General Manager, Mobile, Compute, & XR (MCX), Alex Katouzian said that India has become a prime market for the company as it is gaining from the government's push for manufacturing, artificial intelligence and active involvement of… Chipset major Qualcomm expects shift of the Indian market towards the premium device segment will drive adoption of the company's latest and premium smartphone processor Snapdragon 8 Elite Gen 5 in t… [+3783 chars]",indian market shift towards premium devices drive snapdragon chipsets adoption qualcomm qualcomm technologies group general manager mobile compute xr mcx alex katouzian said india become prime market company gaining government push manufacturing artificial intelligence active involvement chipset major qualcomm expects shift indian market towards premium device segment drive adoption company latest premium smartphone processor snapdragon elite gen chars,58,neutral
Biztoc.com,siliconvalley.com,Chatbot dreams generate AI nightmares for Bay Area lawyers,A Palo Alto lawyer with nearly a half-century of experience admitted to an Oakland federal judge this summer that legal cases he referenced in an important court filing didn’t actually exist and appeared to be products of artificial intelligence “hallucinatio…,A Palo Alto lawyer with nearly a half-century of experience admitted to an Oakland federal judge this summer that legal cases he referenced in an important court filing didnt actually exist and appea… [+146 chars],https://biztoc.com/x/2c215b111fd44b53,2025-10-05T12:39:23Z,Chatbot dreams generate AI nightmares for Bay Area lawyers A Palo Alto lawyer with nearly a half-century of experience admitted to an Oakland federal judge this summer that legal cases he referenced in an important court filing didn’t actually exist and appeared to be products of artificial intelligence “hallucinatio… A Palo Alto lawyer with nearly a half-century of experience admitted to an Oakland federal judge this summer that legal cases he referenced in an important court filing didnt actually exist and appea… [+146 chars],chatbot dreams generate ai nightmares bay area lawyers palo alto lawyer nearly half century experience admitted oakland federal judge summer legal cases referenced important court filing actually exist appeared products artificial intelligence hallucinatio palo alto lawyer nearly half century experience admitted oakland federal judge summer legal cases referenced important court filing didnt actually exist appea chars,56,neutral
Tom's Hardware UK,Mark Tyson,The age of silicon and software began 75 years ago with the patenting of the transistor,"75 years ago, the three Bell Labs scientists behind the invention of the transistor would, at last, have the U.S. Patent in their hands.","75 years ago, the three Bell Labs scientists behind the invention of the transistor would, at last, have the U.S. Patent in their hands. This insignificant looking semiconductor device with three ele… [+2857 chars]",https://www.tomshardware.com/tech-industry/semiconductors/the-age-of-silicon-and-software-began-75-years-ago-with-the-patenting-of-the-transistor,2025-10-05T12:36:31Z,"The age of silicon and software began 75 years ago with the patenting of the transistor 75 years ago, the three Bell Labs scientists behind the invention of the transistor would, at last, have the U.S. Patent in their hands. 75 years ago, the three Bell Labs scientists behind the invention of the transistor would, at last, have the U.S. Patent in their hands. This insignificant looking semiconductor device with three ele… [+2857 chars]",age silicon software began years ago patenting transistor years ago three bell labs scientists behind invention transistor would last u patent hands years ago three bell labs scientists behind invention transistor would last u patent hands insignificant looking semiconductor device three ele chars,43,negative
Onefootball.com,," Caprile shines, Zaniolo and Bayo blunders, Udinese-Cagliari 1-1","At the BluEnergy Stadium, a lively lunchtime match between Udinese and Cagliari with plenty of emotions, athletic gestures, and notable errors.Watch the entire Serie BKT live with LaB Channel on OneFo...","At the BluEnergy Stadium, a lively lunchtime match between Udinese and Cagliari with plenty of emotions, athletic gestures, and notable errors.
Watch the entire Serie BKT live with LaB Channel on On… [+1307 chars]",https://onefootball.com/en/news/caprile-shines-zaniolo-and-bayo-blunders-udinese-cagliari-1-1-41764512,2025-10-05T12:30:00Z," Caprile shines, Zaniolo and Bayo blunders, Udinese-Cagliari 1-1 At the BluEnergy Stadium, a lively lunchtime match between Udinese and Cagliari with plenty of emotions, athletic gestures, and notable errors.Watch the entire Serie BKT live with LaB Channel on OneFo... At the BluEnergy Stadium, a lively lunchtime match between Udinese and Cagliari with plenty of emotions, athletic gestures, and notable errors.
Watch the entire Serie BKT live with LaB Channel on On… [+1307 chars]",caprile shines zaniolo bayo blunders udinese cagliari bluenergy stadium lively lunchtime match udinese cagliari plenty emotions athletic gestures notable errors watch entire serie bkt live lab channel onefo bluenergy stadium lively lunchtime match udinese cagliari plenty emotions athletic gestures notable errors watch entire serie bkt live lab channel chars,49,positive
ETF Daily News,MarketBeat News,ASR Vermogensbeheer N.V. Has $1.49 Million Stake in Veeva Systems Inc. $VEEV,"ASR Vermogensbeheer N.V. boosted its stake in Veeva Systems Inc. (NYSE:VEEV – Free Report) by 64.2% during the 2nd quarter, according to the company in its most recent filing with the Securities and Exchange Commission (SEC). The institutional investor owned …","ASR Vermogensbeheer N.V. boosted its stake in Veeva Systems Inc. (NYSE:VEEV – Free Report) by 64.2% during the 2nd quarter, according to the company in its most recent filing with the Securities and … [+5216 chars]",https://www.etfdailynews.com/2025/10/05/asr-vermogensbeheer-n-v-has-1-49-million-stake-in-veeva-systems-inc-veev/,2025-10-05T12:16:44Z,"ASR Vermogensbeheer N.V. Has $1.49 Million Stake in Veeva Systems Inc. $VEEV ASR Vermogensbeheer N.V. boosted its stake in Veeva Systems Inc. (NYSE:VEEV – Free Report) by 64.2% during the 2nd quarter, according to the company in its most recent filing with the Securities and Exchange Commission (SEC). The institutional investor owned … ASR Vermogensbeheer N.V. boosted its stake in Veeva Systems Inc. (NYSE:VEEV – Free Report) by 64.2% during the 2nd quarter, according to the company in its most recent filing with the Securities and … [+5216 chars]",asr vermogensbeheer n v million stake veeva systems inc veev asr vermogensbeheer n v boosted stake veeva systems inc nyse veev free report nd quarter according company recent filing securities exchange commission sec institutional investor owned asr vermogensbeheer n v boosted stake veeva systems inc nyse veev free report nd quarter according company recent filing securities chars,57,positive
9to5Toys,Justin Kahn,"Just about every M3 iPad Air configuration is now $150 off at Amazon today, deals from $449","As ushered in by the official launch of Target’s 2025 fall Prime Day competitor sale, Amazon has decided to bring back just about all of the $150 price drops across the latest M3 iPad Air lineup. You’ll now find the 11-inch and 13-inch configs starting down a…","As ushered in by the official launch of Targets 2025 fall Prime Day competitor sale, Amazon has decided to bring back just about all of the $150 price drops across the latest M3 iPad Air lineup. Youl… [+1957 chars]",http://9to5toys.com/2025/10/05/m3-ipad-air-amazon-deals-today/,2025-10-05T12:11:43Z,"Just about every M3 iPad Air configuration is now $150 off at Amazon today, deals from $449 As ushered in by the official launch of Target’s 2025 fall Prime Day competitor sale, Amazon has decided to bring back just about all of the $150 price drops across the latest M3 iPad Air lineup. You’ll now find the 11-inch and 13-inch configs starting down a… As ushered in by the official launch of Targets 2025 fall Prime Day competitor sale, Amazon has decided to bring back just about all of the $150 price drops across the latest M3 iPad Air lineup. Youl… [+1957 chars]",every ipad air configuration amazon today deals ushered official launch target fall prime day competitor sale amazon decided bring back price drops across latest ipad air lineup find inch inch configs starting ushered official launch targets fall prime day competitor sale amazon decided bring back price drops across latest ipad air lineup youl chars,54,positive
Geeky Gadgets,Julian Horsey,17 Essential n8n Nodes : Master 80% of n8n & Stop Overcomplicating Your Automations,"What if you could master the majority of a powerful automation tool without spending weeks or months learning every single feature? Here’s the surprising truth: with n8n, you don’t need to know it all to automate like a pro. By focusing on just 17 essential n…","What if you could master the majority of a powerful automation tool without spending weeks or months learning every single feature? Heres the surprising truth: with n8n, you dont need to know it all … [+7446 chars]",https://www.geeky-gadgets.com/n8n-essential-nodes-guide/,2025-10-05T12:01:20Z,"17 Essential n8n Nodes : Master 80% of n8n & Stop Overcomplicating Your Automations What if you could master the majority of a powerful automation tool without spending weeks or months learning every single feature? Here’s the surprising truth: with n8n, you don’t need to know it all to automate like a pro. By focusing on just 17 essential n… What if you could master the majority of a powerful automation tool without spending weeks or months learning every single feature? Heres the surprising truth: with n8n, you dont need to know it all … [+7446 chars]",essential n n nodes master n n stop overcomplicating automations could master majority powerful automation tool without spending weeks months learning every single feature surprising truth n n need know automate like pro focusing essential n could master majority powerful automation tool without spending weeks months learning every single feature heres surprising truth n n dont need know chars,59,positive
Livemint,Rwit Ghosh,"Hospital deals: PE firms pull back on aggressive bets, eye IPO windfall instead","Private equity investments in Indian hospitals have plunged to $142 million so far this year from $1.15 billion in 2024, as investors shift focus from fresh deals to taking multi- and single-specialty chains public.","After years of aggressive dealmaking, private equity firms have slowed their hospital investments in India, opting instead to leverage the improved financials of multi- and single-specialty chains an… [+4597 chars]",https://www.livemint.com/companies/start-ups/private-equity-hospital-deals-ipo-india-11759467908314.html,2025-10-05T12:01:12Z,"Hospital deals: PE firms pull back on aggressive bets, eye IPO windfall instead Private equity investments in Indian hospitals have plunged to $142 million so far this year from $1.15 billion in 2024, as investors shift focus from fresh deals to taking multi- and single-specialty chains public. After years of aggressive dealmaking, private equity firms have slowed their hospital investments in India, opting instead to leverage the improved financials of multi- and single-specialty chains an… [+4597 chars]",hospital deals pe firms pull back aggressive bets eye ipo windfall instead private equity investments indian hospitals plunged million far year billion investors shift focus fresh deals taking multi single specialty chains public years aggressive dealmaking private equity firms slowed hospital investments india opting instead leverage improved financials multi single specialty chains chars,53,neutral
Fox News,,Laid off? Here's why losing your job might be the best break of your life,"As AI drives layoffs at companies like Lufthansa Airlines and JPMorgan Chase, workers can navigate career transitions by identifying their transferable Working Genius skills.","No economy is immune to layoffs, and with the increased implementation of artificial intelligence and the unprecedented adjustment of last year's employment numbers, it seems likely that we've entere… [+4958 chars]",https://www.foxnews.com/opinion/laid-off-heres-why-losing-your-job-might-best-break-your-life,2025-10-05T12:00:51Z,"Laid off? Here's why losing your job might be the best break of your life As AI drives layoffs at companies like Lufthansa Airlines and JPMorgan Chase, workers can navigate career transitions by identifying their transferable Working Genius skills. No economy is immune to layoffs, and with the increased implementation of artificial intelligence and the unprecedented adjustment of last year's employment numbers, it seems likely that we've entere… [+4958 chars]",laid losing job might best break life ai drives layoffs companies like lufthansa airlines jpmorgan chase workers navigate career transitions identifying transferable working genius skills economy immune layoffs increased implementation artificial intelligence unprecedented adjustment last year employment numbers seems likely entere chars,42,positive
Fox News,,‘Rage’ politics the latest hurdle for GOP to clear; how prior battles made conservatives stronger: Dave Brat,"Dave Brat examines how conservative movements have overcome political obstacles, from the Freedom Caucus era to today's MAGA revolution in Virginia.","EXCLUSIVE: Much has changed in the political landscape since former Rep. Dave Brats upset win over then-House Majority Leader Eric Cantor, R-Va., though conservatives have repeatedly managed to gain … [+5956 chars]",https://www.foxnews.com/politics/rage-politics-latest-hurdle-gop-clear-how-prior-battles-made-conservatives-stronger-dave-brat,2025-10-05T12:00:43Z,"‘Rage’ politics the latest hurdle for GOP to clear; how prior battles made conservatives stronger: Dave Brat Dave Brat examines how conservative movements have overcome political obstacles, from the Freedom Caucus era to today's MAGA revolution in Virginia. EXCLUSIVE: Much has changed in the political landscape since former Rep. Dave Brats upset win over then-House Majority Leader Eric Cantor, R-Va., though conservatives have repeatedly managed to gain … [+5956 chars]",rage politics latest hurdle gop clear prior battles made conservatives stronger dave brat dave brat examines conservative movements overcome political obstacles freedom caucus era today maga revolution virginia exclusive much changed political landscape since former rep dave brats upset win house majority leader eric cantor r va though conservatives repeatedly managed gain chars,53,positive
Freerepublic.com,Various driveby media television networks,Sunday Morning Talk Show Thread 5 October 2025,"The Talk ShowsOct 5th, 2025 Guests to be interviewed today on major television talk shows:FACE THE NATION (CBS): Margaret Brennan anchors: US Speaker of the House Mike Johnson (R-LA); Secretary of State Marco Rubio; Senate Minority Leader Chuck U. Schumer (D-…","Skip to comments.
Sunday Morning Talk Show Thread 5 October 2025 Various driveby media television networks ^
 | 5 October 2025 
 | Various Self-Serving Politicians and Big Media Screaming Faces
P… [+8250 chars]",https://freerepublic.com/focus/f-news/4344437/posts,2025-10-05T12:00:09Z,"Sunday Morning Talk Show Thread 5 October 2025 The Talk ShowsOct 5th, 2025 Guests to be interviewed today on major television talk shows:FACE THE NATION (CBS): Margaret Brennan anchors: US Speaker of the House Mike Johnson (R-LA); Secretary of State Marco Rubio; Senate Minority Leader Chuck U. Schumer (D-… Skip to comments.
Sunday Morning Talk Show Thread 5 October 2025 Various driveby media television networks ^
 | 5 October 2025 
 | Various Self-Serving Politicians and Big Media Screaming Faces
P… [+8250 chars]",sunday morning talk show thread october talk showsoct th guests interviewed today major television talk shows face nation cbs margaret brennan anchors us speaker house mike johnson r la secretary state marco rubio senate minority leader chuck u schumer skip comments sunday morning talk show thread october various driveby media television networks october various self serving politicians big media screaming faces p chars,63,neutral
CNBC,,This Meta alum has spent 10 months leading OpenAI's nationwide hunt for its Stargate data centers,OpenAI's effort to build a massive industrial base to power the future of artificial intelligence is being led by Keith Heyde.,"Keith Heyde stands on site in Abilene, Texas, where OpenAI's Stargate infrastructure buildout is underway. Heyde, a former head of AI compute at Meta, is now leading OpenAIs physical expansion push.… [+6328 chars]",https://www.cnbc.com/2025/10/05/openai-stargate-data-center-buildout-infrastructure-lead-keith-heyde.html,2025-10-05T12:00:01Z,"This Meta alum has spent 10 months leading OpenAI's nationwide hunt for its Stargate data centers OpenAI's effort to build a massive industrial base to power the future of artificial intelligence is being led by Keith Heyde. Keith Heyde stands on site in Abilene, Texas, where OpenAI's Stargate infrastructure buildout is underway. Heyde, a former head of AI compute at Meta, is now leading OpenAIs physical expansion push.… [+6328 chars]",meta alum spent months leading openai nationwide hunt stargate data centers openai effort build massive industrial base power future artificial intelligence led keith heyde keith heyde stands site abilene texas openai stargate infrastructure buildout underway heyde former head ai compute meta leading openais physical expansion push chars,47,negative
Bradenkelley.com,David Burkus,7 Things Leaders Need to Know About Team AI Usage,"GUEST POST from David Burkus Leaders, we need to talk about intelligence. By now you’ve–hopefully–started to take it as seriously as many leaders of industry have been. Either way you look at artificial intelligence, good or bad, it is here to stay. And so we…","GUEST POST from David Burkus
Leaders, we need to talk about intelligence.
By now youvehopefullystarted to take it as seriously as many leaders of industry have been. Either way you look at artifici… [+9500 chars]",https://bradenkelley.com/2025/10/7-things-leaders-need-to-know-about-team-ai-usage/,2025-10-05T12:00:00Z,"7 Things Leaders Need to Know About Team AI Usage GUEST POST from David Burkus Leaders, we need to talk about intelligence. By now you’ve–hopefully–started to take it as seriously as many leaders of industry have been. Either way you look at artificial intelligence, good or bad, it is here to stay. And so we… GUEST POST from David Burkus
Leaders, we need to talk about intelligence.
By now youvehopefullystarted to take it as seriously as many leaders of industry have been. Either way you look at artifici… [+9500 chars]",things leaders need know team ai usage guest post david burkus leaders need talk intelligence hopefully started take seriously many leaders industry either way look artificial intelligence good bad stay guest post david burkus leaders need talk intelligence youvehopefullystarted take seriously many leaders industry either way look artifici chars,49,neutral
PhoneArena,Abdullah Asim,"Apple Vision Pro’s cancellation should sadden me, but it’s made me more excited than ever","The Apple Vision Pro has been canceled, because the company knows that it's running out of time to perfect what truly matters.","I have remained a very strong proponent of XR (Extended Reality) for years, and I truly believe that it is the future of computing. When Apple entered the market with the Apple Vision Pro, I was stok… [+3920 chars]",https://www.phonearena.com/news/apple-vision-pro-cancellation-should-sadden-me-but-im-excited_id174648,2025-10-05T11:57:19Z,"Apple Vision Pro’s cancellation should sadden me, but it’s made me more excited than ever The Apple Vision Pro has been canceled, because the company knows that it's running out of time to perfect what truly matters. I have remained a very strong proponent of XR (Extended Reality) for years, and I truly believe that it is the future of computing. When Apple entered the market with the Apple Vision Pro, I was stok… [+3920 chars]",apple vision pro cancellation sadden made excited ever apple vision pro canceled company knows running time perfect truly matters remained strong proponent xr extended reality years truly believe future computing apple entered market apple vision pro stok chars,38,positive
SempreInter,Sam Wilson,Inter Milan 4-1 Cremonese: Nerazzurri Coach Delighted As New Boy “Shows His Best” In Dominant Win,"Inter Milan head coach Cristian Chivu praised his team’s focus, energy, and passion following their dominant 4-1 win over Cremonese at San Siro, reserving special praise for Ange-Yoan Bonny on his f...","Inter Milan head coach Cristian Chivu praised his teams focus, energy, and passion following their dominant 4-1 win over Cremonese at San Siro, reserving special praise for Ange-Yoan Bonny on his fir… [+2830 chars]",https://sempreinter.com/2025/10/05/inter-cremonese-chivu-bonny-passion-reaction/,2025-10-05T11:55:00Z,"Inter Milan 4-1 Cremonese: Nerazzurri Coach Delighted As New Boy “Shows His Best” In Dominant Win Inter Milan head coach Cristian Chivu praised his team’s focus, energy, and passion following their dominant 4-1 win over Cremonese at San Siro, reserving special praise for Ange-Yoan Bonny on his f... Inter Milan head coach Cristian Chivu praised his teams focus, energy, and passion following their dominant 4-1 win over Cremonese at San Siro, reserving special praise for Ange-Yoan Bonny on his fir… [+2830 chars]",inter milan cremonese nerazzurri coach delighted new boy shows best dominant win inter milan head coach cristian chivu praised team focus energy passion following dominant win cremonese san siro reserving special praise ange yoan bonny f inter milan head coach cristian chivu praised teams focus energy passion following dominant win cremonese san siro reserving special praise ange yoan bonny fir chars,61,positive
The Indian Express,Express News Service,"Man dressed only in undergarments disrupts Delhi court’s virtual hearing, police say he is historysheeter with over 50 cases","The Delhi Police arrested the accused, who was seen smoking a cigarette and consuming alcohol during the virtual courtroom hearing.","The Delhi Police last month arrested a historysheeter who allegedly logged into a virtual courtroom hearing in only his undergarments, smoking a cigarette and consuming alcohol. Despite repeated dire… [+1862 chars]",https://indianexpress.com/article/cities/delhi/man-dressed-only-in-undergarments-disrupts-delhi-courts-virtual-hearing-10289327/,2025-10-05T11:49:24Z,"Man dressed only in undergarments disrupts Delhi court’s virtual hearing, police say he is historysheeter with over 50 cases The Delhi Police arrested the accused, who was seen smoking a cigarette and consuming alcohol during the virtual courtroom hearing. The Delhi Police last month arrested a historysheeter who allegedly logged into a virtual courtroom hearing in only his undergarments, smoking a cigarette and consuming alcohol. Despite repeated dire… [+1862 chars]",man dressed undergarments disrupts delhi court virtual hearing police say historysheeter cases delhi police arrested accused seen smoking cigarette consuming alcohol virtual courtroom hearing delhi police last month arrested historysheeter allegedly logged virtual courtroom hearing undergarments smoking cigarette consuming alcohol despite repeated dire chars,44,neutral
Whyevolutionistrue.com,whyevolutionistrue,Sunday: Hili dialogue,"Reading time:  If you need to know this, you’re at the wrong place. Welcome to the Sabbath that was made for goyische cats: Sunday, October 5, 2025, and National Apple Betty Day.  This dessert, pictured below, used to be called “Brown Betty,” and that’s still…","Reading time:  If you need to know this, you’re at the wrong place.
Welcome to the Sabbath that was made for goyische cats: Sunday, October 5, 2025, and National Apple Betty Day.  This dessert, pict… [+19558 chars]",https://whyevolutionistrue.com/2025/10/05/sunday-hili-dialogue-554/,2025-10-05T11:45:08Z,"Sunday: Hili dialogue Reading time:  If you need to know this, you’re at the wrong place. Welcome to the Sabbath that was made for goyische cats: Sunday, October 5, 2025, and National Apple Betty Day.  This dessert, pictured below, used to be called “Brown Betty,” and that’s still… Reading time:  If you need to know this, you’re at the wrong place.
Welcome to the Sabbath that was made for goyische cats: Sunday, October 5, 2025, and National Apple Betty Day.  This dessert, pict… [+19558 chars]",sunday hili dialogue reading time need know wrong place welcome sabbath made goyische cats sunday october national apple betty day dessert pictured used called brown betty still reading time need know wrong place welcome sabbath made goyische cats sunday october national apple betty day dessert pict chars,47,positive
DW (English),DW reporters,How strong is Hamas two years after October 7 attacks?,"The military leadership of Hamas has been decimated, and it is unclear how many fighters the group still has. Still, it remains able to conduct guerrilla attacks.","Two years after Israel began its military campaign against the Gaza-based militant group began, observers say Hamas is down but not out. That is despite the Israeli military's vastly superior firepow… [+7560 chars]",https://www.dw.com/en/hamas-strength-israel-gaza-october-7/a-74203922,2025-10-05T11:41:00Z,"How strong is Hamas two years after October 7 attacks? The military leadership of Hamas has been decimated, and it is unclear how many fighters the group still has. Still, it remains able to conduct guerrilla attacks. Two years after Israel began its military campaign against the Gaza-based militant group began, observers say Hamas is down but not out. That is despite the Israeli military's vastly superior firepow… [+7560 chars]",strong hamas two years october attacks military leadership hamas decimated unclear many fighters group still still remains able conduct guerrilla attacks two years israel began military campaign gaza based militant group began observers say hamas despite israeli military vastly superior firepow chars,42,positive
SempreInter,Sam Wilson,Inter Milan 4-1 Cremonese: Nerazzurri “Could’ve Scored Ten” As French Star Shines On First Start,"Inter Milan continued their surge under Cristian Chivu, dismantling Cremonese 4-1 in a commanding Serie A performance, with French forward Ange-Yoan Bonny shining on his first start for the coach.The ...","Inter Milan continued their surge under Cristian Chivu, dismantling Cremonese 4-1 in a commanding Serie A performance, with French forward Ange-Yoan Bonny shining on his first start for the coach.
T… [+1339 chars]",https://sempreinter.com/2025/10/05/inter-milan-cremonese-bonny-nerazzurri-domination/,2025-10-05T11:40:00Z,"Inter Milan 4-1 Cremonese: Nerazzurri “Could’ve Scored Ten” As French Star Shines On First Start Inter Milan continued their surge under Cristian Chivu, dismantling Cremonese 4-1 in a commanding Serie A performance, with French forward Ange-Yoan Bonny shining on his first start for the coach.The ... Inter Milan continued their surge under Cristian Chivu, dismantling Cremonese 4-1 in a commanding Serie A performance, with French forward Ange-Yoan Bonny shining on his first start for the coach.
T… [+1339 chars]",inter milan cremonese nerazzurri could scored ten french star shines first start inter milan continued surge cristian chivu dismantling cremonese commanding serie performance french forward ange yoan bonny shining first start coach inter milan continued surge cristian chivu dismantling cremonese commanding serie performance french forward ange yoan bonny shining first start coach chars,53,positive
Securityaffairs.com,Pierluigi Paganini,Security Affairs newsletter Round 544 by Pierluigi Paganini – INTERNATIONAL EDITION,"A new round of the weekly Security Affairs newsletter has arrived! Every week, the best security articles from Security Affairs are free in your email box. Enjoy a new round of the weekly SecurityAffairs newsletter, including the international press. GreyNois…","Security Affairs newsletter Round 544 by Pierluigi Paganini INTERNATIONAL EDITION
Enjoy a new round of the weekly SecurityAffairs newsletter, including the international press.
<table><tr><td>GreyN… [+5008 chars]",https://securityaffairs.com/182951/breaking-news/security-affairs-newsletter-round-544-by-pierluigi-paganini-international-edition.html,2025-10-05T11:35:02Z,"Security Affairs newsletter Round 544 by Pierluigi Paganini – INTERNATIONAL EDITION A new round of the weekly Security Affairs newsletter has arrived! Every week, the best security articles from Security Affairs are free in your email box. Enjoy a new round of the weekly SecurityAffairs newsletter, including the international press. GreyNois… Security Affairs newsletter Round 544 by Pierluigi Paganini INTERNATIONAL EDITION
Enjoy a new round of the weekly SecurityAffairs newsletter, including the international press.
<table><tr><td>GreyN… [+5008 chars]",security affairs newsletter round pierluigi paganini international edition new round weekly security affairs newsletter arrived every week best security articles security affairs free email box enjoy new round weekly securityaffairs newsletter including international press greynois security affairs newsletter round pierluigi paganini international edition enjoy new round weekly securityaffairs newsletter including international press table tr td greyn chars,57,positive
Onefootball.com,,3 goals in 3 days: this sibling duo’s incredible week ,"The father must be proud.Shane, Ruben, and Justin: three of the sons of Dutch legend, Patrick Kluivert, play football in the world's biggest clubs.All three have each scored... within just three days ...","The father must be proud.
This browser is not supported, please use a different one or install the app
Shane, Ruben, and Justin: three of the sons of Dutch legend, Patrick Kluivert, play football i… [+605 chars]",https://onefootball.com/en/news/3-goals-in-3-days-this-sibling-duos-incredible-week-41764270,2025-10-05T11:22:00Z,"3 goals in 3 days: this sibling duo’s incredible week  The father must be proud.Shane, Ruben, and Justin: three of the sons of Dutch legend, Patrick Kluivert, play football in the world's biggest clubs.All three have each scored... within just three days ... The father must be proud.
This browser is not supported, please use a different one or install the app
Shane, Ruben, and Justin: three of the sons of Dutch legend, Patrick Kluivert, play football i… [+605 chars]",goals days sibling duo incredible week father must proud shane ruben justin three sons dutch legend patrick kluivert play football world biggest clubs three scored within three days father must proud browser supported please use different one install app shane ruben justin three sons dutch legend patrick kluivert play football chars,51,positive
The Times of India,Reuters,Foxconn third-quarter revenue jumps 11% year on year,"Strong AI demand led to robust revenue growth for its cloud and networking products division. Smart consumer electronics, which includes iPhones, posted a slight revenue decline, affected by exchange rates, the company said.","Taiwan's Foxconn, the world's largest contract electronics maker, reported record third-quarter revenue on strong demand for artificial intelligence products, though it missed the market forecast and… [+1679 chars]",https://economictimes.indiatimes.com/tech/technology/foxconn-third-quarter-revenue-jumps-11-year-on-year/articleshow/124319819.cms,2025-10-05T11:10:26Z,"Foxconn third-quarter revenue jumps 11% year on year Strong AI demand led to robust revenue growth for its cloud and networking products division. Smart consumer electronics, which includes iPhones, posted a slight revenue decline, affected by exchange rates, the company said. Taiwan's Foxconn, the world's largest contract electronics maker, reported record third-quarter revenue on strong demand for artificial intelligence products, though it missed the market forecast and… [+1679 chars]",foxconn third quarter revenue jumps year year strong ai demand led robust revenue growth cloud networking products division smart consumer electronics includes iphones posted slight revenue decline affected exchange rates company said taiwan foxconn world largest contract electronics maker reported record third quarter revenue strong demand artificial intelligence products though missed market forecast chars,54,neutral
Theargumentmag.com,NotInOurNames,The deadline isn't when AI outsmarts us – it's when we stop using our own minds,"Article URL: https://www.theargumentmag.com/p/you-have-18-months
Comments URL: https://news.ycombinator.com/item?id=45480622
Points: 8
# Comments: 0","In fitness, there is a concept called time under tension. Take a simple squat, where you hold a weight and lower your hips from a standing position. With the same weight, a person can do a squat in t… [+8979 chars]",https://www.theargumentmag.com/p/you-have-18-months,2025-10-05T11:08:25Z,"The deadline isn't when AI outsmarts us – it's when we stop using our own minds Article URL: https://www.theargumentmag.com/p/you-have-18-months
Comments URL: https://news.ycombinator.com/item?id=45480622
Points: 8
# Comments: 0 In fitness, there is a concept called time under tension. Take a simple squat, where you hold a weight and lower your hips from a standing position. With the same weight, a person can do a squat in t… [+8979 chars]",deadline ai outsmarts us stop using minds article url comments url points comments fitness concept called time tension take simple squat hold weight lower hips standing position weight person squat chars,31,neutral
ETF Daily News,MarketBeat News,Robeco Institutional Asset Management B.V. Cuts Position in CrowdStrike $CRWD,"Robeco Institutional Asset Management B.V. lowered its holdings in shares of CrowdStrike (NASDAQ:CRWD – Free Report) by 12.7% during the second quarter, HoldingsChannel.com reports. The firm owned 36,857 shares of the company’s stock after selling 5,349 share…","Robeco Institutional Asset Management B.V. lowered its holdings in shares of CrowdStrike (NASDAQ:CRWD – Free Report) by 12.7% during the second quarter, HoldingsChannel.com reports. The firm owned 36… [+6382 chars]",https://www.etfdailynews.com/2025/10/05/robeco-institutional-asset-management-b-v-cuts-position-in-crowdstrike-crwd/,2025-10-05T11:05:59Z,"Robeco Institutional Asset Management B.V. Cuts Position in CrowdStrike $CRWD Robeco Institutional Asset Management B.V. lowered its holdings in shares of CrowdStrike (NASDAQ:CRWD – Free Report) by 12.7% during the second quarter, HoldingsChannel.com reports. The firm owned 36,857 shares of the company’s stock after selling 5,349 share… Robeco Institutional Asset Management B.V. lowered its holdings in shares of CrowdStrike (NASDAQ:CRWD – Free Report) by 12.7% during the second quarter, HoldingsChannel.com reports. The firm owned 36… [+6382 chars]",robeco institutional asset management b v cuts position crowdstrike crwd robeco institutional asset management b v lowered holdings shares crowdstrike nasdaq crwd free report second quarter holdingschannel com reports firm owned shares company stock selling share robeco institutional asset management b v lowered holdings shares crowdstrike nasdaq crwd free report second quarter holdingschannel com reports firm owned chars,58,neutral
